date,year,month,price_usd,unit,mineral
1990-01-01,1990,1,9.0,Dólar por Libra (USD/lb),Uranio (U)
1990-02-01,1990,2,8.8,Dólar por Libra (USD/lb),Uranio (U)
1990-03-01,1990,3,8.8,Dólar por Libra (USD/lb),Uranio (U)
1990-04-01,1990,4,8.65,Dólar por Libra (USD/lb),Uranio (U)
1990-05-01,1990,5,9.35,Dólar por Libra (USD/lb),Uranio (U)
1990-06-01,1990,6,11.0,Dólar por Libra (USD/lb),Uranio (U)
1990-07-01,1990,7,11.6,Dólar por Libra (USD/lb),Uranio (U)
1990-08-01,1990,8,11.45,Dólar por Libra (USD/lb),Uranio (U)
1990-09-01,1990,9,10.5,Dólar por Libra (USD/lb),Uranio (U)
1990-10-01,1990,10,8.5,Dólar por Libra (USD/lb),Uranio (U)
1990-11-01,1990,11,9.5,Dólar por Libra (USD/lb),Uranio (U)
1990-12-01,1990,12,9.7,Dólar por Libra (USD/lb),Uranio (U)
1991-01-01,1991,1,9.1,Dólar por Libra (USD/lb),Uranio (U)
1991-02-01,1991,2,9.5,Dólar por Libra (USD/lb),Uranio (U)
1991-03-01,1991,3,9.4,Dólar por Libra (USD/lb),Uranio (U)
1991-04-01,1991,4,9.0,Dólar por Libra (USD/lb),Uranio (U)
1991-05-01,1991,5,9.2,Dólar por Libra (USD/lb),Uranio (U)
1991-06-01,1991,6,9.0,Dólar por Libra (USD/lb),Uranio (U)
1991-07-01,1991,7,8.55,Dólar por Libra (USD/lb),Uranio (U)
1991-08-01,1991,8,8.25,Dólar por Libra (USD/lb),Uranio (U)
1991-09-01,1991,9,7.25,Dólar por Libra (USD/lb),Uranio (U)
1991-10-01,1991,10,7.25,Dólar por Libra (USD/lb),Uranio (U)
1991-11-01,1991,11,7.5,Dólar por Libra (USD/lb),Uranio (U)
1991-12-01,1991,12,7.4,Dólar por Libra (USD/lb),Uranio (U)
1992-01-01,1992,1,8.75,Dólar por Libra (USD/lb),Uranio (U)
1992-02-01,1992,2,7.9,Dólar por Libra (USD/lb),Uranio (U)
1992-03-01,1992,3,7.75,Dólar por Libra (USD/lb),Uranio (U)
1992-04-01,1992,4,7.75,Dólar por Libra (USD/lb),Uranio (U)
1992-05-01,1992,5,7.55,Dólar por Libra (USD/lb),Uranio (U)
1992-06-01,1992,6,7.75,Dólar por Libra (USD/lb),Uranio (U)
1992-07-01,1992,7,7.75,Dólar por Libra (USD/lb),Uranio (U)
1992-08-01,1992,8,8.05,Dólar por Libra (USD/lb),Uranio (U)
1992-09-01,1992,9,8.75,Dólar por Libra (USD/lb),Uranio (U)
1992-10-01,1992,10,10.25,Dólar por Libra (USD/lb),Uranio (U)
1992-11-01,1992,11,10.5,Dólar por Libra (USD/lb),Uranio (U)
1992-12-01,1992,12,10.0,Dólar por Libra (USD/lb),Uranio (U)
1993-01-01,1993,1,9.8,Dólar por Libra (USD/lb),Uranio (U)
1993-02-01,1993,2,10.1,Dólar por Libra (USD/lb),Uranio (U)
1993-03-01,1993,3,10.2,Dólar por Libra (USD/lb),Uranio (U)
1993-04-01,1993,4,10.35,Dólar por Libra (USD/lb),Uranio (U)
1993-05-01,1993,5,10.1,Dólar por Libra (USD/lb),Uranio (U)
1993-06-01,1993,6,10.3,Dólar por Libra (USD/lb),Uranio (U)
1993-07-01,1993,7,9.9,Dólar por Libra (USD/lb),Uranio (U)
1993-08-01,1993,8,10.05,Dólar por Libra (USD/lb),Uranio (U)
1993-09-01,1993,9,10.2,Dólar por Libra (USD/lb),Uranio (U)
1993-10-01,1993,10,10.18,Dólar por Libra (USD/lb),Uranio (U)
1993-11-01,1993,11,9.9,Dólar por Libra (USD/lb),Uranio (U)
1993-12-01,1993,12,9.85,Dólar por Libra (USD/lb),Uranio (U)
1994-01-01,1994,1,9.45,Dólar por Libra (USD/lb),Uranio (U)
1994-02-01,1994,2,9.45,Dólar por Libra (USD/lb),Uranio (U)
1994-03-01,1994,3,9.3,Dólar por Libra (USD/lb),Uranio (U)
1994-04-01,1994,4,9.25,Dólar por Libra (USD/lb),Uranio (U)
1994-05-01,1994,5,9.25,Dólar por Libra (USD/lb),Uranio (U)
1994-06-01,1994,6,9.25,Dólar por Libra (USD/lb),Uranio (U)
1994-07-01,1994,7,9.1,Dólar por Libra (USD/lb),Uranio (U)
1994-08-01,1994,8,9.05,Dólar por Libra (USD/lb),Uranio (U)
1994-09-01,1994,9,9.45,Dólar por Libra (USD/lb),Uranio (U)
1994-10-01,1994,10,9.5,Dólar por Libra (USD/lb),Uranio (U)
1994-11-01,1994,11,9.6,Dólar por Libra (USD/lb),Uranio (U)
1994-12-01,1994,12,10.4,Dólar por Libra (USD/lb),Uranio (U)
1995-01-01,1995,1,10.78,Dólar por Libra (USD/lb),Uranio (U)
1995-02-01,1995,2,11.15,Dólar por Libra (USD/lb),Uranio (U)
1995-03-01,1995,3,11.8,Dólar por Libra (USD/lb),Uranio (U)
1995-04-01,1995,4,11.85,Dólar por Libra (USD/lb),Uranio (U)
1995-05-01,1995,5,11.9,Dólar por Libra (USD/lb),Uranio (U)
1995-06-01,1995,6,11.7,Dólar por Libra (USD/lb),Uranio (U)
1995-07-01,1995,7,11.7,Dólar por Libra (USD/lb),Uranio (U)
1995-08-01,1995,8,11.7,Dólar por Libra (USD/lb),Uranio (U)
1995-09-01,1995,9,11.85,Dólar por Libra (USD/lb),Uranio (U)
1995-10-01,1995,10,11.85,Dólar por Libra (USD/lb),Uranio (U)
1995-11-01,1995,11,11.85,Dólar por Libra (USD/lb),Uranio (U)
1995-12-01,1995,12,11.85,Dólar por Libra (USD/lb),Uranio (U)
1996-01-01,1996,1,12.2,Dólar por Libra (USD/lb),Uranio (U)
1996-02-01,1996,2,15.75,Dólar por Libra (USD/lb),Uranio (U)
1996-03-01,1996,3,15.75,Dólar por Libra (USD/lb),Uranio (U)
1996-04-01,1996,4,15.99,Dólar por Libra (USD/lb),Uranio (U)
1996-05-01,1996,5,16.38,Dólar por Libra (USD/lb),Uranio (U)
1996-06-01,1996,6,16.5,Dólar por Libra (USD/lb),Uranio (U)
1996-07-01,1996,7,16.5,Dólar por Libra (USD/lb),Uranio (U)
1996-08-01,1996,8,16.46,Dólar por Libra (USD/lb),Uranio (U)
1996-09-01,1996,9,16.15,Dólar por Libra (USD/lb),Uranio (U)
1996-10-01,1996,10,15.74,Dólar por Libra (USD/lb),Uranio (U)
1996-11-01,1996,11,15.07,Dólar por Libra (USD/lb),Uranio (U)
1996-12-01,1996,12,14.76,Dólar por Libra (USD/lb),Uranio (U)
1997-01-01,1997,1,14.49,Dólar por Libra (USD/lb),Uranio (U)
1997-02-01,1997,2,13.81,Dólar por Libra (USD/lb),Uranio (U)
1997-03-01,1997,3,13.62,Dólar por Libra (USD/lb),Uranio (U)
1997-04-01,1997,4,12.82,Dólar por Libra (USD/lb),Uranio (U)
1997-05-01,1997,5,11.83,Dólar por Libra (USD/lb),Uranio (U)
1997-06-01,1997,6,10.94,Dólar por Libra (USD/lb),Uranio (U)
1997-07-01,1997,7,10.48,Dólar por Libra (USD/lb),Uranio (U)
1997-08-01,1997,8,10.39,Dólar por Libra (USD/lb),Uranio (U)
1997-09-01,1997,9,10.25,Dólar por Libra (USD/lb),Uranio (U)
1997-10-01,1997,10,11.28,Dólar por Libra (USD/lb),Uranio (U)
1997-11-01,1997,11,12.75,Dólar por Libra (USD/lb),Uranio (U)
1997-12-01,1997,12,12.5,Dólar por Libra (USD/lb),Uranio (U)
1998-01-01,1998,1,12.04,Dólar por Libra (USD/lb),Uranio (U)
1998-02-01,1998,2,11.38,Dólar por Libra (USD/lb),Uranio (U)
1998-03-01,1998,3,10.66,Dólar por Libra (USD/lb),Uranio (U)
1998-04-01,1998,4,10.75,Dólar por Libra (USD/lb),Uranio (U)
1998-05-01,1998,5,10.75,Dólar por Libra (USD/lb),Uranio (U)
1998-06-01,1998,6,10.75,Dólar por Libra (USD/lb),Uranio (U)
1998-07-01,1998,7,10.61,Dólar por Libra (USD/lb),Uranio (U)
1998-08-01,1998,8,10.5,Dólar por Libra (USD/lb),Uranio (U)
1998-09-01,1998,9,10.23,Dólar por Libra (USD/lb),Uranio (U)
1998-10-01,1998,10,9.61,Dólar por Libra (USD/lb),Uranio (U)
1998-11-01,1998,11,8.88,Dólar por Libra (USD/lb),Uranio (U)
1998-12-01,1998,12,8.49,Dólar por Libra (USD/lb),Uranio (U)
1999-01-01,1999,1,9.01,Dólar por Libra (USD/lb),Uranio (U)
1999-02-01,1999,2,9.2,Dólar por Libra (USD/lb),Uranio (U)
1999-03-01,1999,3,10.44,Dólar por Libra (USD/lb),Uranio (U)
1999-04-01,1999,4,10.85,Dólar por Libra (USD/lb),Uranio (U)
1999-05-01,1999,5,10.72,Dólar por Libra (USD/lb),Uranio (U)
1999-06-01,1999,6,10.56,Dólar por Libra (USD/lb),Uranio (U)
1999-07-01,1999,7,10.26,Dólar por Libra (USD/lb),Uranio (U)
1999-08-01,1999,8,10.11,Dólar por Libra (USD/lb),Uranio (U)
1999-09-01,1999,9,9.92,Dólar por Libra (USD/lb),Uranio (U)
1999-10-01,1999,10,9.76,Dólar por Libra (USD/lb),Uranio (U)
1999-11-01,1999,11,9.71,Dólar por Libra (USD/lb),Uranio (U)
1999-12-01,1999,12,9.64,Dólar por Libra (USD/lb),Uranio (U)
2000-01-01,2000,1,9.55,Dólar por Libra (USD/lb),Uranio (U)
2000-02-01,2000,2,9.39,Dólar por Libra (USD/lb),Uranio (U)
2000-03-01,2000,3,9.31,Dólar por Libra (USD/lb),Uranio (U)
2000-04-01,2000,4,9.14,Dólar por Libra (USD/lb),Uranio (U)
2000-05-01,2000,5,8.5,Dólar por Libra (USD/lb),Uranio (U)
2000-06-01,2000,6,8.23,Dólar por Libra (USD/lb),Uranio (U)
2000-07-01,2000,7,8.1,Dólar por Libra (USD/lb),Uranio (U)
2000-08-01,2000,8,7.96,Dólar por Libra (USD/lb),Uranio (U)
2000-09-01,2000,9,7.57,Dólar por Libra (USD/lb),Uranio (U)
2000-10-01,2000,10,7.4,Dólar por Libra (USD/lb),Uranio (U)
2000-11-01,2000,11,7.13,Dólar por Libra (USD/lb),Uranio (U)
2000-12-01,2000,12,7.14,Dólar por Libra (USD/lb),Uranio (U)
2001-01-01,2001,1,7.1,Dólar por Libra (USD/lb),Uranio (U)
2001-02-01,2001,2,7.39,Dólar por Libra (USD/lb),Uranio (U)
2001-03-01,2001,3,7.69,Dólar por Libra (USD/lb),Uranio (U)
2001-04-01,2001,4,8.23,Dólar por Libra (USD/lb),Uranio (U)
2001-05-01,2001,5,9.0,Dólar por Libra (USD/lb),Uranio (U)
2001-06-01,2001,6,8.78,Dólar por Libra (USD/lb),Uranio (U)
2001-07-01,2001,7,8.75,Dólar por Libra (USD/lb),Uranio (U)
2001-08-01,2001,8,8.95,Dólar por Libra (USD/lb),Uranio (U)
2001-09-01,2001,9,9.15,Dólar por Libra (USD/lb),Uranio (U)
2001-10-01,2001,10,9.47,Dólar por Libra (USD/lb),Uranio (U)
2001-11-01,2001,11,9.43,Dólar por Libra (USD/lb),Uranio (U)
2001-12-01,2001,12,9.5,Dólar por Libra (USD/lb),Uranio (U)
2002-01-01,2002,1,9.59,Dólar por Libra (USD/lb),Uranio (U)
2002-02-01,2002,2,9.72,Dólar por Libra (USD/lb),Uranio (U)
2002-03-01,2002,3,9.95,Dólar por Libra (USD/lb),Uranio (U)
2002-04-01,2002,4,9.75,Dólar por Libra (USD/lb),Uranio (U)
2002-05-01,2002,5,9.9,Dólar por Libra (USD/lb),Uranio (U)
2002-06-01,2002,6,9.9,Dólar por Libra (USD/lb),Uranio (U)
2002-07-01,2002,7,9.89,Dólar por Libra (USD/lb),Uranio (U)
2002-08-01,2002,8,9.85,Dólar por Libra (USD/lb),Uranio (U)
2002-09-01,2002,9,9.8,Dólar por Libra (USD/lb),Uranio (U)
2002-10-01,2002,10,9.84,Dólar por Libra (USD/lb),Uranio (U)
2002-11-01,2002,11,9.86,Dólar por Libra (USD/lb),Uranio (U)
2002-12-01,2002,12,9.88,Dólar por Libra (USD/lb),Uranio (U)
2003-01-01,2003,1,10.16,Dólar por Libra (USD/lb),Uranio (U)
2003-02-01,2003,2,10.1,Dólar por Libra (USD/lb),Uranio (U)
2003-03-01,2003,3,10.1,Dólar por Libra (USD/lb),Uranio (U)
2003-04-01,2003,4,10.1,Dólar por Libra (USD/lb),Uranio (U)
2003-05-01,2003,5,10.9,Dólar por Libra (USD/lb),Uranio (U)
2003-06-01,2003,6,10.9,Dólar por Libra (USD/lb),Uranio (U)
2003-07-01,2003,7,10.95,Dólar por Libra (USD/lb),Uranio (U)
2003-08-01,2003,8,11.24,Dólar por Libra (USD/lb),Uranio (U)
2003-09-01,2003,9,11.49,Dólar por Libra (USD/lb),Uranio (U)
2003-10-01,2003,10,12.37,Dólar por Libra (USD/lb),Uranio (U)
2003-11-01,2003,11,13.18,Dólar por Libra (USD/lb),Uranio (U)
2003-12-01,2003,12,13.35,Dólar por Libra (USD/lb),Uranio (U)
2004-01-01,2004,1,14.8,Dólar por Libra (USD/lb),Uranio (U)
2004-02-01,2004,2,16.05,Dólar por Libra (USD/lb),Uranio (U)
2004-03-01,2004,3,17.14,Dólar por Libra (USD/lb),Uranio (U)
2004-04-01,2004,4,17.75,Dólar por Libra (USD/lb),Uranio (U)
2004-05-01,2004,5,17.75,Dólar por Libra (USD/lb),Uranio (U)
2004-06-01,2004,6,17.88,Dólar por Libra (USD/lb),Uranio (U)
2004-07-01,2004,7,17.9,Dólar por Libra (USD/lb),Uranio (U)
2004-08-01,2004,8,17.9,Dólar por Libra (USD/lb),Uranio (U)
2004-09-01,2004,9,18.6,Dólar por Libra (USD/lb),Uranio (U)
2004-10-01,2004,10,20.08,Dólar por Libra (USD/lb),Uranio (U)
2004-11-01,2004,11,20.2,Dólar por Libra (USD/lb),Uranio (U)
2004-12-01,2004,12,20.5,Dólar por Libra (USD/lb),Uranio (U)
2005-01-01,2005,1,20.54,Dólar por Libra (USD/lb),Uranio (U)
2005-02-01,2005,2,21.2,Dólar por Libra (USD/lb),Uranio (U)
2005-03-01,2005,3,21.84,Dólar por Libra (USD/lb),Uranio (U)
2005-04-01,2005,4,23.14,Dólar por Libra (USD/lb),Uranio (U)
2005-05-01,2005,5,28.25,Dólar por Libra (USD/lb),Uranio (U)
2005-06-01,2005,6,29.0,Dólar por Libra (USD/lb),Uranio (U)
2005-07-01,2005,7,29.28,Dólar por Libra (USD/lb),Uranio (U)
2005-08-01,2005,8,29.65,Dólar por Libra (USD/lb),Uranio (U)
2005-09-01,2005,9,30.43,Dólar por Libra (USD/lb),Uranio (U)
2005-10-01,2005,10,32.75,Dólar por Libra (USD/lb),Uranio (U)
2005-11-01,2005,11,33.56,Dólar por Libra (USD/lb),Uranio (U)
2005-12-01,2005,12,35.53,Dólar por Libra (USD/lb),Uranio (U)
2006-01-01,2006,1,36.75,Dólar por Libra (USD/lb),Uranio (U)
2006-02-01,2006,2,37.69,Dólar por Libra (USD/lb),Uranio (U)
2006-03-01,2006,3,39.77,Dólar por Libra (USD/lb),Uranio (U)
2006-04-01,2006,4,41.1,Dólar por Libra (USD/lb),Uranio (U)
2006-05-01,2006,5,42.28,Dólar por Libra (USD/lb),Uranio (U)
2006-06-01,2006,6,44.17,Dólar por Libra (USD/lb),Uranio (U)
2006-07-01,2006,7,46.5,Dólar por Libra (USD/lb),Uranio (U)
2006-08-01,2006,8,47.44,Dólar por Libra (USD/lb),Uranio (U)
2006-09-01,2006,9,52.44,Dólar por Libra (USD/lb),Uranio (U)
2006-10-01,2006,10,56.06,Dólar por Libra (USD/lb),Uranio (U)
2006-11-01,2006,11,61.44,Dólar por Libra (USD/lb),Uranio (U)
2006-12-01,2006,12,66.57,Dólar por Libra (USD/lb),Uranio (U)
2007-01-01,2007,1,72.0,Dólar por Libra (USD/lb),Uranio (U)
2007-02-01,2007,2,76.25,Dólar por Libra (USD/lb),Uranio (U)
2007-03-01,2007,3,89.44,Dólar por Libra (USD/lb),Uranio (U)
2007-04-01,2007,4,110.43,Dólar por Libra (USD/lb),Uranio (U)
2007-05-01,2007,5,119.11,Dólar por Libra (USD/lb),Uranio (U)
2007-06-01,2007,6,136.22,Dólar por Libra (USD/lb),Uranio (U)
2007-07-01,2007,7,131.5,Dólar por Libra (USD/lb),Uranio (U)
2007-08-01,2007,8,109.6,Dólar por Libra (USD/lb),Uranio (U)
2007-09-01,2007,9,85.0,Dólar por Libra (USD/lb),Uranio (U)
2007-10-01,2007,10,77.5,Dólar por Libra (USD/lb),Uranio (U)
2007-11-01,2007,11,92.0,Dólar por Libra (USD/lb),Uranio (U)
2007-12-01,2007,12,91.8,Dólar por Libra (USD/lb),Uranio (U)
2008-01-01,2008,1,87.56,Dólar por Libra (USD/lb),Uranio (U)
2008-02-01,2008,2,76.0,Dólar por Libra (USD/lb),Uranio (U)
2008-03-01,2008,3,73.71,Dólar por Libra (USD/lb),Uranio (U)
2008-04-01,2008,4,69.44,Dólar por Libra (USD/lb),Uranio (U)
2008-05-01,2008,5,61.67,Dólar por Libra (USD/lb),Uranio (U)
2008-06-01,2008,6,59.0,Dólar por Libra (USD/lb),Uranio (U)
2008-07-01,2008,7,61.84,Dólar por Libra (USD/lb),Uranio (U)
2008-08-01,2008,8,64.5,Dólar por Libra (USD/lb),Uranio (U)
2008-09-01,2008,9,63.0,Dólar por Libra (USD/lb),Uranio (U)
2008-10-01,2008,10,48.6,Dólar por Libra (USD/lb),Uranio (U)
2008-11-01,2008,11,50.5,Dólar por Libra (USD/lb),Uranio (U)
2008-12-01,2008,12,54.33,Dólar por Libra (USD/lb),Uranio (U)
2009-01-01,2009,1,51.44,Dólar por Libra (USD/lb),Uranio (U)
2009-02-01,2009,2,47.0,Dólar por Libra (USD/lb),Uranio (U)
2009-03-01,2009,3,43.38,Dólar por Libra (USD/lb),Uranio (U)
2009-04-01,2009,4,41.72,Dólar por Libra (USD/lb),Uranio (U)
2009-05-01,2009,5,48.56,Dólar por Libra (USD/lb),Uranio (U)
2009-06-01,2009,6,51.5,Dólar por Libra (USD/lb),Uranio (U)
2009-07-01,2009,7,49.7,Dólar por Libra (USD/lb),Uranio (U)
2009-08-01,2009,8,47.19,Dólar por Libra (USD/lb),Uranio (U)
2009-09-01,2009,9,44.28,Dólar por Libra (USD/lb),Uranio (U)
2009-10-01,2009,10,46.11,Dólar por Libra (USD/lb),Uranio (U)
2009-11-01,2009,11,44.75,Dólar por Libra (USD/lb),Uranio (U)
2009-12-01,2009,12,44.44,Dólar por Libra (USD/lb),Uranio (U)
2010-01-01,2010,1,43.83,Dólar por Libra (USD/lb),Uranio (U)
2010-02-01,2010,2,42.1,Dólar por Libra (USD/lb),Uranio (U)
2010-03-01,2010,3,40.91,Dólar por Libra (USD/lb),Uranio (U)
2010-04-01,2010,4,41.33,Dólar por Libra (USD/lb),Uranio (U)
2010-05-01,2010,5,41.3,Dólar por Libra (USD/lb),Uranio (U)
2010-06-01,2010,6,40.78,Dólar por Libra (USD/lb),Uranio (U)
2010-07-01,2010,7,41.94,Dólar por Libra (USD/lb),Uranio (U)
2010-08-01,2010,8,46.06,Dólar por Libra (USD/lb),Uranio (U)
2010-09-01,2010,9,46.67,Dólar por Libra (USD/lb),Uranio (U)
2010-10-01,2010,10,48.83,Dólar por Libra (USD/lb),Uranio (U)
2010-11-01,2010,11,57.16,Dólar por Libra (USD/lb),Uranio (U)
2010-12-01,2010,12,60.62,Dólar por Libra (USD/lb),Uranio (U)
2011-01-01,2011,1,63.88,Dólar por Libra (USD/lb),Uranio (U)
2011-02-01,2011,2,65.0,Dólar por Libra (USD/lb),Uranio (U)
2011-03-01,2011,3,63.5,Dólar por Libra (USD/lb),Uranio (U)
2011-04-01,2011,4,57.82,Dólar por Libra (USD/lb),Uranio (U)
2011-05-01,2011,5,56.06,Dólar por Libra (USD/lb),Uranio (U)
2011-06-01,2011,6,55.4,Dólar por Libra (USD/lb),Uranio (U)
2011-07-01,2011,7,52.79,Dólar por Libra (USD/lb),Uranio (U)
2011-08-01,2011,8,50.68,Dólar por Libra (USD/lb),Uranio (U)
2011-09-01,2011,9,51.98,Dólar por Libra (USD/lb),Uranio (U)
2011-10-01,2011,10,52.34,Dólar por Libra (USD/lb),Uranio (U)
2011-11-01,2011,11,53.19,Dólar por Libra (USD/lb),Uranio (U)
2011-12-01,2011,12,52.18,Dólar por Libra (USD/lb),Uranio (U)
2012-01-01,2012,1,52.31,Dólar por Libra (USD/lb),Uranio (U)
2012-02-01,2012,2,52.06,Dólar por Libra (USD/lb),Uranio (U)
2012-03-01,2012,3,51.29,Dólar por Libra (USD/lb),Uranio (U)
2012-04-01,2012,4,51.3,Dólar por Libra (USD/lb),Uranio (U)
2012-05-01,2012,5,51.89,Dólar por Libra (USD/lb),Uranio (U)
2012-06-01,2012,6,50.83,Dólar por Libra (USD/lb),Uranio (U)
2012-07-01,2012,7,50.36,Dólar por Libra (USD/lb),Uranio (U)
2012-08-01,2012,8,49.25,Dólar por Libra (USD/lb),Uranio (U)
2012-09-01,2012,9,47.73,Dólar por Libra (USD/lb),Uranio (U)
2012-10-01,2012,10,44.61,Dólar por Libra (USD/lb),Uranio (U)
2012-11-01,2012,11,41.5,Dólar por Libra (USD/lb),Uranio (U)
2012-12-01,2012,12,43.67,Dólar por Libra (USD/lb),Uranio (U)
2013-01-01,2013,1,42.75,Dólar por Libra (USD/lb),Uranio (U)
2013-02-01,2013,2,43.41,Dólar por Libra (USD/lb),Uranio (U)
2013-03-01,2013,3,42.28,Dólar por Libra (USD/lb),Uranio (U)
2013-04-01,2013,4,41.41,Dólar por Libra (USD/lb),Uranio (U)
2013-05-01,2013,5,40.6,Dólar por Libra (USD/lb),Uranio (U)
2013-06-01,2013,6,39.94,Dólar por Libra (USD/lb),Uranio (U)
2013-07-01,2013,7,38.02,Dólar por Libra (USD/lb),Uranio (U)
2013-08-01,2013,8,34.99,Dólar por Libra (USD/lb),Uranio (U)
2013-09-01,2013,9,34.45,Dólar por Libra (USD/lb),Uranio (U)
2013-10-01,2013,10,34.85,Dólar por Libra (USD/lb),Uranio (U)
2013-11-01,2013,11,35.59,Dólar por Libra (USD/lb),Uranio (U)
2013-12-01,2013,12,34.59,Dólar por Libra (USD/lb),Uranio (U)
2014-01-01,2014,1,35.21,Dólar por Libra (USD/lb),Uranio (U)
2014-02-01,2014,2,35.55,Dólar por Libra (USD/lb),Uranio (U)
2014-03-01,2014,3,34.7,Dólar por Libra (USD/lb),Uranio (U)
2014-04-01,2014,4,32.74,Dólar por Libra (USD/lb),Uranio (U)
2014-05-01,2014,5,28.54,Dólar por Libra (USD/lb),Uranio (U)
2014-06-01,2014,6,28.23,Dólar por Libra (USD/lb),Uranio (U)
2014-07-01,2014,7,28.4,Dólar por Libra (USD/lb),Uranio (U)
2014-08-01,2014,8,30.83,Dólar por Libra (USD/lb),Uranio (U)
2014-09-01,2014,9,34.37,Dólar por Libra (USD/lb),Uranio (U)
2014-10-01,2014,10,35.75,Dólar por Libra (USD/lb),Uranio (U)
2014-11-01,2014,11,40.6,Dólar por Libra (USD/lb),Uranio (U)
2014-12-01,2014,12,36.95,Dólar por Libra (USD/lb),Uranio (U)
2015-01-01,2015,1,35.9,Dólar por Libra (USD/lb),Uranio (U)
2015-02-01,2015,2,38.19,Dólar por Libra (USD/lb),Uranio (U)
2015-03-01,2015,3,39.32,Dólar por Libra (USD/lb),Uranio (U)
2015-04-01,2015,4,38.84,Dólar por Libra (USD/lb),Uranio (U)
2015-05-01,2015,5,35.69,Dólar por Libra (USD/lb),Uranio (U)
2015-06-01,2015,6,36.05,Dólar por Libra (USD/lb),Uranio (U)
2015-07-01,2015,7,36.28,Dólar por Libra (USD/lb),Uranio (U)
2015-08-01,2015,8,36.1,Dólar por Libra (USD/lb),Uranio (U)
2015-09-01,2015,9,37.06,Dólar por Libra (USD/lb),Uranio (U)
2015-10-01,2015,10,37.24,Dólar por Libra (USD/lb),Uranio (U)
2015-11-01,2015,11,35.96,Dólar por Libra (USD/lb),Uranio (U)
2015-12-01,2015,12,35.16,Dólar por Libra (USD/lb),Uranio (U)
2016-01-01,2016,1,34.69,Dólar por Libra (USD/lb),Uranio (U)
2016-02-01,2016,2,34.01,Dólar por Libra (USD/lb),Uranio (U)
2016-03-01,2016,3,30.11,Dólar por Libra (USD/lb),Uranio (U)
2016-04-01,2016,4,27.82,Dólar por Libra (USD/lb),Uranio (U)
2016-05-01,2016,5,27.95,Dólar por Libra (USD/lb),Uranio (U)
2016-06-01,2016,6,27.35,Dólar por Libra (USD/lb),Uranio (U)
2016-07-01,2016,7,25.85,Dólar por Libra (USD/lb),Uranio (U)
2016-08-01,2016,8,25.9,Dólar por Libra (USD/lb),Uranio (U)
2016-09-01,2016,9,24.88,Dólar por Libra (USD/lb),Uranio (U)
2016-10-01,2016,10,21.49,Dólar por Libra (USD/lb),Uranio (U)
2016-11-01,2016,11,18.57,Dólar por Libra (USD/lb),Uranio (U)
2016-12-01,2016,12,19.22,Dólar por Libra (USD/lb),Uranio (U)
2017-01-01,2017,1,22.17,Dólar por Libra (USD/lb),Uranio (U)
2017-02-01,2017,2,25.15,Dólar por Libra (USD/lb),Uranio (U)
2017-03-01,2017,3,24.64,Dólar por Libra (USD/lb),Uranio (U)
2017-04-01,2017,4,23.25,Dólar por Libra (USD/lb),Uranio (U)
2017-05-01,2017,5,21.64,Dólar por Libra (USD/lb),Uranio (U)
2017-06-01,2017,6,19.75,Dólar por Libra (USD/lb),Uranio (U)
2017-07-01,2017,7,20.36,Dólar por Libra (USD/lb),Uranio (U)
2017-08-01,2017,8,20.41,Dólar por Libra (USD/lb),Uranio (U)
2017-09-01,2017,9,20.43,Dólar por Libra (USD/lb),Uranio (U)
2017-10-01,2017,10,20.23,Dólar por Libra (USD/lb),Uranio (U)
2017-11-01,2017,11,22.35,Dólar por Libra (USD/lb),Uranio (U)
2017-12-01,2017,12,24.69,Dólar por Libra (USD/lb),Uranio (U)
2018-01-01,2018,1,23.37,Dólar por Libra (USD/lb),Uranio (U)
2018-02-01,2018,2,21.76,Dólar por Libra (USD/lb),Uranio (U)
2018-03-01,2018,3,21.73,Dólar por Libra (USD/lb),Uranio (U)
2018-04-01,2018,4,20.85,Dólar por Libra (USD/lb),Uranio (U)
2018-05-01,2018,5,21.98,Dólar por Libra (USD/lb),Uranio (U)
2018-06-01,2018,6,23.07,Dólar por Libra (USD/lb),Uranio (U)
2018-07-01,2018,7,23.42,Dólar por Libra (USD/lb),Uranio (U)
2018-08-01,2018,8,26.05,Dólar por Libra (USD/lb),Uranio (U)
2018-09-01,2018,9,27.11,Dólar por Libra (USD/lb),Uranio (U)
2018-10-01,2018,10,27.51,Dólar por Libra (USD/lb),Uranio (U)
2018-11-01,2018,11,28.93,Dólar por Libra (USD/lb),Uranio (U)
2018-12-01,2018,12,28.76,Dólar por Libra (USD/lb),Uranio (U)
2019-01-01,2019,1,28.71,Dólar por Libra (USD/lb),Uranio (U)
2019-02-01,2019,2,28.64,Dólar por Libra (USD/lb),Uranio (U)
2019-03-01,2019,3,27.2,Dólar por Libra (USD/lb),Uranio (U)
2019-04-01,2019,4,25.7,Dólar por Libra (USD/lb),Uranio (U)
2019-05-01,2019,5,24.68,Dólar por Libra (USD/lb),Uranio (U)
2019-06-01,2019,6,24.48,Dólar por Libra (USD/lb),Uranio (U)
2019-07-01,2019,7,25.23,Dólar por Libra (USD/lb),Uranio (U)
2019-08-01,2019,8,25.28,Dólar por Libra (USD/lb),Uranio (U)
2019-09-01,2019,9,25.41,Dólar por Libra (USD/lb),Uranio (U)
2019-10-01,2019,10,24.92,Dólar por Libra (USD/lb),Uranio (U)
2019-11-01,2019,11,24.99,Dólar por Libra (USD/lb),Uranio (U)
2019-12-01,2019,12,25.62,Dólar por Libra (USD/lb),Uranio (U)
2020-01-01,2020,1,24.64,Dólar por Libra (USD/lb),Uranio (U)
2020-02-01,2020,2,24.69,Dólar por Libra (USD/lb),Uranio (U)
2020-03-01,2020,3,24.66,Dólar por Libra (USD/lb),Uranio (U)
2020-04-01,2020,4,29.96,Dólar por Libra (USD/lb),Uranio (U)
2020-05-01,2020,5,33.51,Dólar por Libra (USD/lb),Uranio (U)
2020-06-01,2020,6,33.09,Dólar por Libra (USD/lb),Uranio (U)
2020-07-01,2020,7,32.36,Dólar por Libra (USD/lb),Uranio (U)
2020-08-01,2020,8,31.38,Dólar por Libra (USD/lb),Uranio (U)
2020-09-01,2020,9,29.98,Dólar por Libra (USD/lb),Uranio (U)
2020-10-01,2020,10,29.64,Dólar por Libra (USD/lb),Uranio (U)
2020-11-01,2020,11,29.49,Dólar por Libra (USD/lb),Uranio (U)
2020-12-01,2020,12,29.77,Dólar por Libra (USD/lb),Uranio (U)
2021-01-01,2021,1,29.86,Dólar por Libra (USD/lb),Uranio (U)
2021-02-01,2021,2,28.66,Dólar por Libra (USD/lb),Uranio (U)
2021-03-01,2021,3,28.33,Dólar por Libra (USD/lb),Uranio (U)
2021-04-01,2021,4,29.75,Dólar por Libra (USD/lb),Uranio (U)
2021-05-01,2021,5,30.26,Dólar por Libra (USD/lb),Uranio (U)
2021-06-01,2021,6,32.14,Dólar por Libra (USD/lb),Uranio (U)
2021-07-01,2021,7,32.34,Dólar por Libra (USD/lb),Uranio (U)
2021-08-01,2021,8,32.15,Dólar por Libra (USD/lb),Uranio (U)
2021-09-01,2021,9,45.08,Dólar por Libra (USD/lb),Uranio (U)
2021-10-01,2021,10,38.48,Dólar por Libra (USD/lb),Uranio (U)
2021-11-01,2021,11,31.1,Dólar por Libra (USD/lb),Uranio (U)
2021-12-01,2021,12,36.13,Dólar por Libra (USD/lb),Uranio (U)
2022-01-01,2022,1,36.87,Dólar por Libra (USD/lb),Uranio (U)
2022-02-01,2022,2,35.83,Dólar por Libra (USD/lb),Uranio (U)
2022-03-01,2022,3,45.51,Dólar por Libra (USD/lb),Uranio (U)
2022-04-01,2022,4,48.7,Dólar por Libra (USD/lb),Uranio (U)
2022-05-01,2022,5,40.89,Dólar por Libra (USD/lb),Uranio (U)
2022-06-01,2022,6,40.33,Dólar por Libra (USD/lb),Uranio (U)
2022-07-01,2022,7,38.94,Dólar por Libra (USD/lb),Uranio (U)
2022-08-01,2022,8,39.8,Dólar por Libra (USD/lb),Uranio (U)
2022-09-01,2022,9,40.95,Dólar por Libra (USD/lb),Uranio (U)
2022-10-01,2022,10,41.3,Dólar por Libra (USD/lb),Uranio (U)
2022-11-01,2022,11,40.95,Dólar por Libra (USD/lb),Uranio (U)
2022-12-01,2022,12,47.68,Dólar por Libra (USD/lb),Uranio (U)
2023-01-01,2023,1,50.63,Dólar por Libra (USD/lb),Uranio (U)
2023-02-01,2023,2,50.93,Dólar por Libra (USD/lb),Uranio (U)
2023-03-01,2023,3,50.48,Dólar por Libra (USD/lb),Uranio (U)
2023-04-01,2023,4,52.93,Dólar por Libra (USD/lb),Uranio (U)
2023-05-01,2023,5,54.55,Dólar por Libra (USD/lb),Uranio (U)
2023-06-01,2023,6,56.1,Dólar por Libra (USD/lb),Uranio (U)
2023-07-01,2023,7,56.38,Dólar por Libra (USD/lb),Uranio (U)
2023-08-01,2023,8,59.93,Dólar por Libra (USD/lb),Uranio (U)
2023-09-01,2023,9,71.58,Dólar por Libra (USD/lb),Uranio (U)
2023-10-01,2023,10,74.38,Dólar por Libra (USD/lb),Uranio (U)
2023-11-01,2023,11,81.25,Dólar por Libra (USD/lb),Uranio (U)
2023-12-01,2023,12,91.0,Dólar por Libra (USD/lb),Uranio (U)
2024-01-01,2024,1,100.25,Dólar por Libra (USD/lb),Uranio (U)
2024-02-01,2024,2,95.0,Dólar por Libra (USD/lb),Uranio (U)
2024-03-01,2024,3,87.75,Dólar por Libra (USD/lb),Uranio (U)
2024-04-01,2024,4,89.0,Dólar por Libra (USD/lb),Uranio (U)
2024-05-01,2024,5,90.38,Dólar por Libra (USD/lb),Uranio (U)
2024-06-01,2024,6,84.25,Dólar por Libra (USD/lb),Uranio (U)
2024-07-01,2024,7,84.25,Dólar por Libra (USD/lb),Uranio (U)
2024-08-01,2024,8,78.5,Dólar por Libra (USD/lb),Uranio (U)
2024-09-01,2024,9,82.0,Dólar por Libra (USD/lb),Uranio (U)
2024-10-01,2024,10,80.5,Dólar por Libra (USD/lb),Uranio (U)
2024-11-01,2024,11,77.13,Dólar por Libra (USD/lb),Uranio (U)
2024-12-01,2024,12,72.63,Dólar por Libra (USD/lb),Uranio (U)
2025-01-01,2025,1,69.28,Dólar por Libra (USD/lb),Uranio (U)
2025-02-01,2025,2,65.03,Dólar por Libra (USD/lb),Uranio (U)
2025-03-01,2025,3,64.23,Dólar por Libra (USD/lb),Uranio (U)
2025-04-01,2025,4,67.73,Dólar por Libra (USD/lb),Uranio (U)
2025-05-01,2025,5,71.55,Dólar por Libra (USD/lb),Uranio (U)
2025-06-01,2025,6,78.5,Dólar por Libra (USD/lb),Uranio (U)
2025-07-01,2025,7,71.1,Dólar por Libra (USD/lb),Uranio (U)
2025-08-01,2025,8,75.13,Dólar por Libra (USD/lb),Uranio (U)
2025-09-01,2025,9,82.63,Dólar por Libra (USD/lb),Uranio (U)
2025-10-01,2025,10,80.0,Dólar por Libra (USD/lb),Uranio (U)
2025-11-01,2025,11,75.8,Dólar por Libra (USD/lb),Uranio (U)
2025-12-01,2025,12,81.55,Dólar por Libra (USD/lb),Uranio (U)
2026-01-01,2026,1,94.28,Dólar por Libra (USD/lb),Uranio (U)
2026-02-01,2026,2,86.95,Dólar por Libra (USD/lb),Uranio (U)
2026-03-01,2026,3,84.25,Dólar por Libra (USD/lb),Uranio (U)
2026-04-01,2026,4,86.35,Dólar por Libra (USD/lb),Uranio (U)
